id,session
3297,2026-10-01 13:00:00+01:00
3410,2026-10-01 15:00:00+01:00
1742,2026-10-01 17:00:00+01:00
3427,2026-10-01 19:30:00+01:00
1507,2026-10-01 21:30:00+01:00
3298,2026-10-02 13:00:00+01:00
3417,2026-10-02 14:30:00+01:00
2937,2026-10-02 16:30:00+01:00
3399,2026-10-02 19:00:00+01:00
3423,2026-10-02 21:30:00+01:00
794,2026-10-03 11:00:00+01:00
3404,2026-10-03 15:00:00+01:00
3390,2026-10-03 17:00:00+01:00
3421,2026-10-03 19:30:00+01:00
398,2026-10-03 22:00:00+01:00
3439,2026-10-04 11:00:00+01:00
3390,2026-10-04 13:30:00+01:00
3419,2026-10-04 15:30:00+01:00
3398,2026-10-04 18:00:00+01:00
3420,2026-10-04 22:00:00+01:00
1424,2026-10-05 10:00:00+01:00
3435,2026-10-05 14:30:00+01:00
3400,2026-10-05 16:45:00+01:00
3425,2026-10-05 19:00:00+01:00
3294,2026-10-05 21:30:00+01:00
2745,2026-10-06 14:00:00+01:00
3415,2026-10-06 17:00:00+01:00
3396,2026-10-06 19:15:00+01:00
398,2026-10-06 21:30:00+01:00
3414,2026-10-07 12:30:00+01:00
1994,2026-10-07 14:30:00+01:00
1741,2026-10-07 16:30:00+01:00
3424,2026-10-07 20:00:00+01:00
3341,2026-10-07 22:00:00+01:00
3410,2026-10-08 13:30:00+01:00
3407,2026-10-08 15:30:00+01:00
3417,2026-10-08 17:30:00+01:00
3461,2026-10-08 19:30:00+01:00
3390,2026-10-08 21:30:00+01:00
1774,2026-10-09 13:00:00+01:00
3418,2026-10-09 15:00:00+01:00
3396,2026-10-09 17:00:00+01:00
3463,2026-10-09 19:00:00+01:00
3457,2026-10-09 21:00:00+01:00
1768,2026-10-10 11:00:00+01:00
64,2026-10-10 13:00:00+01:00
1760,2026-10-10 13:00:00+01:00
3390,2026-10-10 15:00:00+01:00
3396,2026-10-10 17:15:00+01:00
3419,2026-10-10 19:30:00+01:00
3461,2026-10-10 22:00:00+01:00
68,2026-10-11 11:00:00+01:00
3421,2026-10-11 13:00:00+01:00
3457,2026-10-11 15:15:00+01:00
3294,2026-10-11 18:15:00+01:00
3423,2026-10-11 21:00:00+01:00
1763,2026-10-12 13:00:00+01:00
3404,2026-10-12 15:00:00+01:00
3435,2026-10-12 17:00:00+01:00
3467,2026-10-12 19:15:00+01:00
3396,2026-10-12 21:30:00+01:00
3390,2026-10-13 13:00:00+01:00
3414,2026-10-13 15:00:00+01:00
3403,2026-10-13 17:00:00+01:00
3461,2026-10-13 19:00:00+01:00
3457,2026-10-13 21:00:00+01:00
3406,2026-10-14 14:00:00+01:00
3396,2026-10-14 16:00:00+01:00
3429,2026-10-14 18:30:00+01:00
3294,2026-10-14 21:00:00+01:00
1761,2026-10-15 13:30:00+01:00
3390,2026-10-15 15:30:00+01:00
1768,2026-10-15 17:30:00+01:00
3427,2026-10-15 19:30:00+01:00
3443,2026-10-15 21:30:00+01:00
3420,2026-10-16 13:00:00+01:00
3443,2026-10-16 15:30:00+01:00
1089,2026-10-16 18:15:00+01:00
1555,2026-10-16 21:00:00+01:00
544,2026-10-17 11:00:00+01:00
1505,2026-10-17 13:00:00+01:00
3437,2026-10-17 17:45:00+01:00
3461,2026-10-17 20:00:00+01:00
3443,2026-10-17 21:45:00+01:00
535,2026-10-18 11:00:00+01:00
3294,2026-10-18 13:00:00+01:00
3443,2026-10-18 15:45:00+01:00
1475,2026-10-18 18:30:00+01:00
3396,2026-10-18 21:30:00+01:00
68,2026-10-19 13:30:00+01:00
3443,2026-10-19 15:30:00+01:00
3390,2026-10-19 18:00:00+01:00
3398,2026-10-19 20:30:00+01:00
3415,2026-10-20 13:00:00+01:00
1768,2026-10-20 15:00:00+01:00
3461,2026-10-21 19:45:00+01:00
3461,2026-10-27 21:30:00+00:00
